<?xml version="1.0" encoding="UTF-8"?>
<!DOCTYPE fontscolors PUBLIC "-//NetBeans//DTD Editor Fonts and Colors settings 1.1//EN" "http://www.netbeans.org/dtds/EditorFontsColors-1_1.dtd">
<fontscolors>
    <fontcolor default="whitespace" foreColor="black" name="css-eol"/>
    <fontcolor default="number" name="numbers"/>
    <fontcolor name="mod-class">
        <font style="italic"/>
    </fontcolor>
    <fontcolor default="separator" name="braces"/>
    <fontcolor default="default" foreColor="ff007c00" name="css-selector">
        <font style="bold"/>
    </fontcolor>
    <fontcolor foreColor="black" name="at_rule_symbol">
        <font style="bold"/>
    </fontcolor>
    <fontcolor foreColor="black" name="mod-custom3">
        <font style="italic"/>
    </fontcolor>
    <fontcolor default="string" name="strings"/>
    <fontcolor foreColor="blue" name="mod-custom2">
        <font style="italic"/>
    </fontcolor>
    <fontcolor default="operator" name="operators"/>
    <fontcolor foreColor="blue" name="mod-custom1"/>
    <fontcolor default="keyword" foreColor="blue" name="css-at-keyword">
        <font style="bold"/>
    </fontcolor>
    <fontcolor foreColor="ff006666" name="mod-local-variable"/>
    <fontcolor default="default" foreColor="blue" name="css-property"/>
    <fontcolor default="default" name="others"/>
    <fontcolor default="comment" name="comments"/>
    <fontcolor default="identifier" name="identifiers"/>
    <fontcolor default="error" foreColor="red" name="css-error"/>
    <fontcolor foreColor="ff007c00" name="mod-method"/>
    <fontcolor foreColor="ff006666" name="mod-private">
        <font style="bold"/>
    </fontcolor>
    <fontcolor default="default" foreColor="black" name="css-plain"/>
    <fontcolor default="string" name="uris"/>
    <fontcolor default="comment" foreColor="ff006666" name="css-comment"/>
    <fontcolor default="number" name="hashes"/>
    <fontcolor name="mod-constructor">
        <font style="bold"/>
    </fontcolor>
    <fontcolor default="separator" name="separators"/>
    <fontcolor default="default" name="whitespaces"/>
</fontscolors>
